title,imdbRating,imdbVotes,tomatometer
12 Strong,6.5,"81,866",50%
13 Hours that Saved Britain,6.4,191,N/A
13 Hours: The Secret Soldiers of Benghazi,N/A,N/A,N/A
2012,5.8,"377,991",39%
21 Bridges,6.6,"67,518",54%
30 Minutes or Less,6.1,"101,193",45%
300,7.6,"818,025",61%
300: Rise of an Empire,6.2,"301,870",45%
47 Ronin,6.2,"160,407",16%
6 Days,6.2,"22,241",63%
6 Underground,6.1,"176,287",36%
A Certain Magical Index: The Movie －The Miracle of Endymion,N/A,N/A,N/A
A Chinese Odyssey Part Two: Cinderella,N/A,N/A,N/A
A Choo,5.4,396,N/A
A Fist Full of Lead,N/A,N/A,N/A
A Fistful of Dollars,7.9,"217,411",96%
A Man Apart,6.0,"47,700",11%
Æon Flux,5.4,"128,939",9%
After Earth,4.8,"201,757",12%
Ala Vaikunthapurramuloo,7.3,"18,698",100%
Ali Baba and the Seven Dwarfs,5.6,"20,318",N/A
Alien Warfare,2.6,"3,570",N/A
All Because of You,4.0,223,N/A
All Good,6.5,10,N/A
All Good 2: Back to Square One,N/A,N/A,N/A
Along with the Gods: The Last 49 Days,7.1,"7,461",44%
Along with the Gods: The Two Worlds,7.2,"15,576",67%
Altered Carbon: Resleeved,6.5,"6,240",60%
America: The Motion Picture,5.6,"6,536",35%
American Sniper,7.3,"486,175",72%
Amina,3.9,337,N/A
Amsterdam Vice,N/A,N/A,N/A
Anek,6.6,"21,397",67%
Angu Vaikuntapurathu (Malayalam),N/A,N/A,N/A
Animal World,6.4,"4,559",69%
Annaatthe,4.0,"9,838",N/A
Annaatthe (Hindi),N/A,N/A,N/A
Annaatthe (Kannada),N/A,N/A,N/A
Annaatthe (Malayalam),N/A,N/A,N/A
Annaatthe (Telugu),N/A,N/A,N/A
Aquaman,6.8,"470,402",65%
As the Light Goes Out,6.2,"1,326",N/A
Asfaltenglene,4.2,117,N/A
Asoka,N/A,N/A,N/A
Assassin's Creed,5.6,"199,605",19%
ATHENA,6.8,"5,401",83%
Avengement,6.5,"16,445",84%
Baby Driver,7.6,"532,852",92%
Bad Boys II,6.6,"251,495",23%
Banyuki,N/A,N/A,N/A
Bartkowiak,5.1,"1,242",N/A
Batman Begins,8.2,"1,458,039",84%
Batman Ninja,5.6,"20,469",82%
Battleship,5.8,"248,631",33%
Baywatch,5.5,"186,795",17%
Bbuddah Hoga Terra Baap,5.6,"2,934",N/A
Beast,5.2,"32,448",69%
Beast (Kannada),N/A,N/A,N/A
Beast (Malayalam),N/A,N/A,N/A
Beast (Telugu),N/A,N/A,N/A
Beauty and the Bestie,4.7,306,N/A
Beckett,5.6,"26,298",47%
Beirut,6.5,"22,584",82%
Below Zero,6.2,"19,651",88%
Ben & Jody,5.4,298,N/A
Bheeshma,6.5,"4,252",N/A
Big Guns - No Way Out,N/A,N/A,N/A
Black,8.1,"35,089",67%
Black Crab,5.7,"20,622",53%
BLAME!,6.6,"8,171",N/A
Bleach,8.2,"53,951",N/A
Blind Detective,6.4,"3,358",55%
Blitz Patrollie,N/A,N/A,N/A
Blonde Fist,4.6,247,N/A
Blood Diamond,8.0,"547,694",63%
Blue Streak,6.3,"83,581",36%
Bodyguard,8.1,"122,385",N/A
Bon Cop Bad Cop 2,6.6,"4,202",75%
"Bon Cop, Bad Cop",6.7,"12,749",80%
Born to Raise Hell,4.3,"4,411",N/A
Børning 3: Asphalt Burning,N/A,N/A,N/A
Boss,8.1,"17,785",N/A
Bourne: L'heritage,N/A,N/A,N/A
Bright,6.3,"189,629",26%
Bright: Samurai Soul,5.5,883,40%
Brothers,7.1,"127,881",64%
Buffoon,5.3,209,N/A
Bullet to the Head,5.7,"50,344",45%
Burn Out,6.2,"3,872",N/A
BuyBust,5.7,"1,941",83%
Carter,5.1,"7,853",33%
Centauro,8.1,11,N/A
Central Intelligence,6.3,"190,491",71%
Centurion,6.3,"83,176",60%
Chappie,6.8,"252,259",32%
Chennai Express,6.0,"55,066",47%
1 1/2 Ritter - Auf der Suche nach der hinreissenden Herzelinde,3.7,"2,459",N/A
14 Peaks: Nothing Is Impossible,7.7,"25,722",90%
Adrift,6.6,"57,113",69%
Against The Ice,6.5,"22,409",57%
Anacondas: The Hunt for the Blood Orchid,4.7,"31,884",25%
Asterix & Obelix at the Olympics,N/A,N/A,N/A
Back to the Future,8.5,"1,193,399",97%
Back to the Future Part II,7.8,"529,852",63%
Back to the Future Part III,7.4,"445,029",80%
Brothers of the Wind,6.8,"2,424",N/A
Challenge To White Fang,5.6,416,N/A
"Chinese Odyssey (Part I), A",N/A,N/A,N/A
Clash of the Titans,5.8,"282,976",27%
Die Wilden Hühner und das Leben,N/A,N/A,N/A
Divergent,6.6,"460,235",41%
Double World,6.1,"4,254",N/A
Dracula Untold,6.2,"195,534",25%
Duel of the Titans,5.8,840,N/A
Encrypted Letter,N/A,N/A,N/A
Enola Holmes,6.6,"171,807",91%
Everest,7.1,"217,736",73%
Fantastic Four,5.7,"330,597",28%
Father of Four - on a Wild Holiday,N/A,N/A,N/A
Father of Four: The return of uncle Sofus,3.8,126,N/A
Fischer Freeskiing,N/A,N/A,N/A
G.O.R.A,N/A,N/A,N/A
Ghost Rider,5.2,"239,458",27%
Godzilla,6.4,"414,104",76%
Godzilla: King of the Monsters,6.0,"181,775",42%
Green Lantern,5.5,"285,559",26%
Green Snake,7.2,"3,151",N/A
Grizzly Tour,N/A,157,N/A
A Whisker Away,6.7,"10,298",93%
Adam by Eve: A live in Animation,6.1,428,N/A
Arrietty,7.6,"93,041",94%
Bubble,6.5,"8,142",N/A
Castle in the Sky,8.0,"166,106",96%
Child of Kamiari Month,5.8,881,100%
Dragon Quest Your Story,6.5,"2,889",N/A
Drifting Home,6.2,"1,217",64%
Earwig and the Witch,4.8,"4,472",29%
EVANGELION: DEATH (TRUE)²,N/A,N/A,N/A
Fate/Grand Order -First Order-,5.7,921,N/A
Flavors of Youth: International Version,N/A,N/A,N/A
Free! Movie 1 - Timeless Medley - The Bond,N/A,N/A,N/A
Free! Movie 2 - Timeless Medley - The Promise,N/A,N/A,N/A
From Up on Poppy Hill,7.4,"44,471",87%
GANTZ:O,7.1,"15,168",N/A
Ghost in the Shell: SAC_2045 Sustainable War,5.9,319,N/A
GODZILLA City on the Edge of Battle,5.8,"4,973",60%
GODZILLA Planet of the Monsters,6.0,"8,674",71%
GODZILLA The Planet Eater,5.0,"4,270",60%
Howl’s Moving Castle,8.2,"392,933",87%
Kiki’s Delivery Service,7.8,"144,875",N/A
Kuroko's Basketball: Last Game,7.7,"2,650",N/A
Mobile Suit Gundam Hathaway,6.6,"1,505",N/A
Mobile Suit Gundam I,7.1,"1,848",N/A
Mobile Suit Gundam II: Soldiers of Sorrow,7.2,"1,318",N/A
Mobile Suit Gundam III: Encounters in Space,7.7,"1,279",N/A
Mobile Suit Gundam: Char's Counterattack,7.3,"1,751",N/A
Modest Heroes: Ponoc Short Films Theatre,N/A,N/A,N/A
Monster Hunter: Legends of the Guild,5.1,"1,327",N/A
My Neighbor Totoro,8.1,"337,571",95%
My Neighbors the Yamadas,7.1,"14,361",78%
Nausicaä of the Valley of the Wind,8.0,"169,468",89%
New Gods: Nezha Reborn,N/A,N/A,N/A
Nightmare of the Wolf Bestiary,N/A,N/A,N/A
NiNoKuni,6.1,"3,483",N/A
Ocean Waves,6.6,"17,454",89%
Only Yesterday,7.6,"32,710",100%
Persona 3 the Movie: #1 Spring of Birth,6.7,704,N/A
Persona 3 the Movie: #2 Midsummer Knight's Dream,6.8,486,N/A
Persona 3 The Movie: #4 Winter of Rebirth,7.2,380,N/A
Persona3 The Movie - #3 Falling Down –,N/A,N/A,N/A
Pokémon the Movie: Secrets of the Jungle,6.4,"2,035",N/A
13TH,8.2,"35,704",97%
3,7.1,"845,522",79%
3 Idiots,8.4,"398,641",100%
7 Prisoners,7.1,"7,407",98%
A Bigger Splash,6.4,"30,489",89%
A Coffee in Berlin,7.3,"16,644",77%
A Cop Movie,7.0,"1,841",93%
A Hologram for the King,6.1,"44,990",70%
A Land Imagined,6.2,"1,328",75%
A Lion in the House,8.7,328,100%
A Man Returned,7.3,75,N/A
A Real Life,5.9,311,N/A
A Star Is Born,7.6,"382,343",90%
A Sun,7.6,"8,356",95%
Adú,6.8,"4,984",N/A
Advantageous,6.1,"5,569",86%
Agneepath,6.9,"24,775",92%
Ajeeb Daastaans,6.7,"5,846",100%
Alexandria ... Why?,7.2,"1,804",N/A
Ali's Wedding,6.9,"5,079",92%
Always Shine,5.7,"4,774",90%
American Factory,7.4,"22,048",95%
American Gangster,7.8,"426,523",80%
American Girl,5.9,"1,427",N/A
Amour,7.9,"100,780",93%
And Breathe Normally,6.9,"3,130",93%
Andhadhun,8.2,"92,850",100%
Ankhon Dekhi,7.9,"11,698",N/A
Anna,6.6,"82,258",33%
Anonymous Venetian,6.8,756,N/A
Arianna,6.3,613,N/A
Article 15,8.1,"33,725",90%
As Good as It Gets,7.7,"298,253",85%
Athlete A,7.6,"11,164",100%
Atlantics,6.7,"9,549",96%
Aziza,7.2,147,N/A
Barakah Meets Barakah,6.3,"1,745",100%
Beasts of No Nation,7.7,"81,658",91%
Being Elmo: A Puppeteer's Journey,7.6,"7,096",95%
Black Mirror: Bandersnatch,7.1,"126,946",N/A
Bohemian Rhapsody,7.9,"534,477",60%
Bombay,8.1,"12,811",N/A
Booksmart,7.1,"119,079",96%
Born in Gaza,7.4,527,N/A
"Bread, Love and Dreams",6.9,"1,824",N/A
Bright Star,6.9,"27,687",83%
Brussels By Night,6.5,566,N/A
Budhia Singh: Born to Run,7.6,"1,524",91%
Bulbbul,6.5,"12,096",83%
Call Me by Your Name,7.8,"269,728",94%
Canvas,6.4,"2,761",N/A
Capture the Flag,5.8,"3,866",46%
Casting JonBenet,6.1,"5,481",82%
Catch Me If You Can,8.1,"967,443",96%
Caterina in the Big City,6.8,"3,004",90%
Chasing Coral,8.0,"5,255",100%
Cities of Last Things,6.2,"1,701",81%
Classmates Minus,7.1,"1,677",N/A
Cloud Atlas,7.4,"362,751",66%
Coach Carter,7.3,"149,400",64%
Cold War,7.5,"57,099",92%
Collateral,7.5,"402,094",86%
Collision Course,4.6,"1,580",N/A
Connected,6.6,"2,330",N/A
Coven of Sisters,N/A,N/A,N/A
Crazy for Football,6.8,47,N/A
Crip Camp: A Disability Revolution,N/A,N/A,N/A
Crocodiles,7.6,"2,876",N/A
"Cryptopia: Bitcoin, Blockchains and the Future of the Internet",7.0,886,N/A
Cuties,3.5,"30,757",86%
Da 5 Bloods,6.5,"51,449",92%
Dafne,6.4,276,N/A
David Attenborough: A Life on Our Planet,8.9,"32,120",96%
Dear Ex,7.3,"6,434",90%
Der Junge Muss an die Frische Luft,N/A,N/A,N/A
Descendant,4.1,461,N/A
Dhh,7.8,371,N/A
Dick Johnson Is Dead,7.4,"6,650",100%
Die Beste aller Welten,N/A,N/A,N/A
Dil Chahta Hai,8.1,"72,479",N/A
Dil Dhadakne Do,7.0,"17,972",65%
Dil Se,7.5,"28,915",60%
Dilili à Paris,N/A,N/A,N/A
Disclosure,6.1,"50,743",60%
Divine Intervention,6.6,"3,683",81%
Divines,7.4,"9,923",84%
Dolly Parton’s Christmas on the Square,N/A,N/A,N/A
Don't Look Up,7.2,"530,036",N/A
Dunkirk,7.8,"652,549",92%
E-Team,7.1,897,82%
8 Mile,7.1,"288,123",75%
Anger Management,6.2,"216,170",42%
Bird Box,6.6,"339,908",64%
Due Date,6.5,"344,275",39%
Edge of Tomorrow,7.9,"674,953",91%
Executive Decision,6.5,"57,796",63%
Extraction,6.7,"201,474",67%
Fifty Shades of Grey,4.1,"319,692",24%
Focus,6.6,"248,555",N/A
Fury,7.5,"487,948",76%
Geostorm,5.3,"108,582",17%
Gladiator,8.5,"1,488,216",78%
Gone Girl,8.1,"975,926",88%
He's Just Not That Into You,6.4,"173,560",41%
I Am Legend,7.2,"753,837",68%
Inception,8.8,"2,328,647",87%
Inglourious Basterds,8.3,"1,434,222",89%
Interstellar,8.6,"1,799,869",73%
Jack Reacher: Never Go Back,6.1,"159,652",38%
Jack the Giant Slayer,6.2,"139,468",52%
Journey 2: The Mysterious Island,5.7,"104,982",45%
Jumanji: Welcome to the Jungle,6.9,"378,560",76%
Kong: Skull Island,6.6,"318,919",75%
Liar Liar,6.9,"308,404",83%
London Has Fallen,5.9,"159,235",27%
Love and Monsters,6.9,"127,225",94%
Mamma Mia!,6.5,"245,874",55%
Man of Steel,7.1,"768,191",56%
Meet the Fockers,6.3,"271,488",38%
Minority Report,7.7,"550,681",90%
Miss Congeniality,6.3,"210,838",41%
Mission: Impossible - Ghost Protocol,7.4,"490,224",93%
Mission: Impossible - Rogue Nation,7.4,"372,178",94%
Mowgli: Legend of the Jungle,6.5,"62,197",52%
Murder Mystery,6.0,"127,951",44%
Notting Hill,7.2,"311,089",84%
Now You See Me 2,6.4,"289,524",34%
Ocean's 8,7.1,21,N/A
Ocean's Eleven,7.7,"572,663",83%
Ocean's Thirteen,6.9,"347,431",70%
Ocean's Twelve,6.5,"390,030",55%
Pokémon Detective Pikachu,6.5,"163,224",68%
Project Power,6.0,"88,533",61%
Rampage,6.1,"168,379",51%
Rango,7.2,"265,805",88%
Ransom,6.7,"128,748",74%
Red Notice,6.3,"272,555",36%
Rush Hour,7.0,"268,249",61%
Rush Hour 2,6.6,"220,636",51%
Rush Hour 3,6.2,"168,800",17%
S.W.A.T.,6.0,"148,087",48%
San Andreas,6.1,"237,512",48%
Scooby-Doo,5.2,"114,172",32%
Sex and the City: The Movie,N/A,N/A,N/A
Shazam!,7.0,"332,216",90%
Sherlock Holmes,7.6,"631,853",69%
Sherlock Holmes: A Game of Shadows,7.4,"454,600",59%
Shutter Island,8.2,"1,296,650",68%
Snow White & the Huntsman,N/A,N/A,N/A
Spider-Man,7.4,"813,310",90%
Spider-Man: Far from Home,7.4,"486,617",90%
Spider-Man: Homecoming,7.4,"651,398",92%
Spider-Man: Into the Spider-Verse,8.4,"516,335",97%
Star Trek Beyond,7.0,"246,681",86%
Suicide Squad,5.9,"682,540",26%
Ted,6.9,"613,888",69%
The Adam Project,6.7,"195,395",67%
The Blind Side,7.6,"330,864",66%
The Bourne Identity,7.9,"545,961",84%
13: The Musical,5.2,657,50%
48 Christmas Wishes,3.9,"1,115",N/A
A Babysitter's Guide to Monster Hunting,5.4,"4,258",63%
A Christmas Prince,5.8,"19,708",73%
A Christmas Prince: The Royal Baby,5.4,"6,863",36%
A Christmas Prince: The Royal Wedding,5.3,"10,825",50%
A Cinderella Story,5.9,"88,147",12%
A Cinderella Story: Christmas Wish,5.3,"5,125",N/A
A Dozen Summers,6.3,105,N/A
A Family Reunion Christmas,5.8,233,N/A
A Go! Go! Cory Carson Christmas,6.4,51,N/A
A Go! Go! Cory Carson Halloween,6.2,54,N/A
A Go! Go! Cory Carson Summer Camp,N/A,N/A,N/A
A Second Chance: Rivals!,4.7,427,N/A
A StoryBots Christmas,6.1,162,N/A
A StoryBots Space Adventure,N/A,10,N/A
A Trash Truck Christmas,5.6,217,N/A
A Week Away,5.7,"4,787",54%
A Witches' Ball,5.1,395,N/A
Academia de gladiadores la película,N/A,N/A,N/A
Alalá,N/A,10,N/A
Alien Xmas,6.2,"1,301",100%
Angela's Christmas,7.0,"3,009",N/A
Angela's Christmas 2,N/A,N/A,N/A
Animal Crackers,7.4,"14,586",96%
Animals on the Loose: A You vs. Wild Movie,5.8,966,N/A
Annabell's Spectacularities,N/A,N/A,N/A
Arctic Dogs,4.8,"1,999",12%
Are We Done Yet?,4.2,"21,381",8%
Arlo the Alligator Boy,6.4,"1,134",85%
Arthur Christmas,7.1,"59,199",92%
Astérix: The Mansion of the Gods,N/A,N/A,N/A
Back of the Net,5.2,747,50%
Back to the Outback,6.5,"8,438",82%
Barbie & Chelsea: The Lost Birthday,6.2,49,N/A
Barbie Big City Big Dreams,5.7,349,N/A
Barbie Dolphin Magic,5.7,587,N/A
Barbie Epic Road Trip,N/A,N/A,N/A
Barbie Princess Adventure,5.5,500,N/A
Beat Bugs: All Together Now,N/A,N/A,N/A
Bee Movie,6.1,"162,672",49%
Benji,6.1,"4,885",86%
Beware of the Jönsson Gang,N/A,N/A,N/A
Bibi & Tina,4.7,740,N/A
Bibi & Tina II,N/A,N/A,N/A
"¡Ay, mi madre!",3.8,413,N/A
(T)Raumschiff Surprise Periode 1,5.4,"15,837",N/A
#realityhigh,5.1,"6,457",N/A
#Selfie,4.9,15,N/A
#Selfie 69,6.1,"1,769",N/A
100 Things,6.3,"5,948",N/A
1000 Miles from Christmas,5.8,"1,530",N/A
10000 Hours,7.0,53,N/A
15 August,5.8,280,N/A
17 Again,6.4,"201,578",56%
25 KM/H,N/A,N/A,N/A
3 Türken & ein Baby,5.4,"1,784",N/A
40 Years Young,4.4,535,N/A
4L,5.9,"3,314",57%
4N1K Düğün,4.1,88,N/A
5 Star Christmas,N/A,N/A,N/A
7 Days To Get Famous,N/A,N/A,N/A
7 Dwarves,4.1,"3,827",N/A
7 Dwarves 2: The Wood Is Not Enough,N/A,N/A,N/A
7 Emotions,N/A,N/A,N/A
A Bad Moms Christmas,5.6,"50,965",32%
A Boyfriend For My Wife,6.7,"3,563",N/A
A Breath of Fresh Air,N/A,N/A,N/A
A California Christmas,5.8,"9,952",60%
A California Christmas: City Lights,5.5,"2,495",N/A
A Castle For Christmas,5.5,"12,223",74%
A Chaster Marriage,5.4,927,N/A
A Cut Above,N/A,169,N/A
A Futile and Stupid Gesture,6.7,"16,424",67%
A Guy and a Gal,5.6,431,N/A
A Home with A View,5.9,305,N/A
A liberal passion,5.2,594,N/A
A Madea Homecoming,5.6,"3,903",36%
A Man for the Weekend,N/A,14,N/A
A Man Wanted,N/A,N/A,N/A
A Month in Thailand,5.8,552,N/A
A Naija Christmas,4.9,354,N/A
A Natural Born Fool,N/A,N/A,N/A
A Perfect Fit,5.4,613,N/A
A Perfect Pairing,6.1,"12,187",50%
A Remarkable Tale,5.4,"1,282",N/A
A Romantic Comedy,N/A,N/A,N/A
A Stand Worthy of Men,7.2,"2,509",N/A
A Very Murray Christmas,5.5,"15,520",68%
A Zero Too Much,4.7,53,N/A
About a Girl,6.6,855,N/A
About Last Night,6.0,"24,195",69%
Abschussfahrt - Vier ist einer zu voll,N/A,N/A,N/A
Adam Devine: Best Time of Our Lives,5.9,965,N/A
ADAM SANDLER 100% FRESH,7.5,"5,330",90%
Adel Karam: Live from Beirut,5.3,152,N/A
Adios Amigos,6.6,680,N/A
Aditi Mittal: Things They Wouldn't Let Me Say,4.3,335,N/A
Adult Behaviour... It's All in the Mind,N/A,N/A,N/A
Afonso Padilha: Classless,6.8,213,N/A
Afterlife of the Party,5.8,"9,222",56%
Agent Ranjid Rettet Die Welt,3.2,638,N/A
Ahmed Notre Dame,N/A,N/A,N/A
AI Love You,4.4,609,N/A
Airplane Mode,2.6,"5,754",N/A
Aiyyaa,4.3,"1,905",N/A
Ajab Prem Ki Ghazab Kahani,6.3,"14,857",N/A
AK vs AK,6.9,"14,398",69%
Aki and Paw Paw,N/A,N/A,N/A
Alakada Reloaded,N/A,N/A,N/A
Alan Saldaña: Locked Up,N/A,29,N/A
Alex Fernández: The Best Comedian in the World,6.3,142,N/A
Alex Strangelove,6.3,"18,038",81%
Ali & Ratu Ratu Queens,N/A,N/A,N/A
Ali Wong: Baby Cobra,7.5,"7,153",100%
Ali Wong: Don Wong,6.6,"2,535",N/A
Ali Wong: Hard Knock Wife,7.3,"5,049",100%
Alice Junior,6.9,557,N/A
All About Gila,N/A,94,N/A
All Hail,5.6,"3,319",40%
All Mixed Up,N/A,N/A,N/A
1922,6.2,"63,784",91%
21,6.8,"252,061",36%
22 July,6.8,"34,260",80%
30. March,N/A,N/A,N/A
3096 Days,N/A,N/A,N/A
A Fall from Grace,5.8,"15,651",N/A
A Guest Is Coming,N/A,N/A,N/A
A Walk Among the Tombstones,6.5,"122,145",68%
Abducted in Plain Sight,6.8,"19,605",75%
Abgeschnitten,N/A,N/A,N/A
All Day and a Night,6.0,"3,866",53%
All That Matters Is Past,5.9,763,N/A
All the Money in the World,6.8,"85,618",79%
Along Came a Spider,6.4,"87,152",32%
Amanda Knox,6.9,"24,829",83%
Amandla,5.6,402,N/A
Ambulancen,8.2,7,N/A
American Murder: The Family Next Door,7.2,"28,338",86%
Anaamika,5.4,277,N/A
Anatomy of Evil,N/A,7,N/A
Anja- Real Love Girl,N/A,N/A,N/A
Anon,6.1,"44,705",36%
Army of the Dead,5.7,"172,214",67%
Army of Thieves,6.4,"76,422",68%
Asura Guru,3.2,335,N/A
Ave Mater,N/A,N/A,N/A
Bad Day,4.3,272,N/A
Bad Faith,4.2,455,N/A
Bad Luck,7.4,"1,221",N/A
Badla,7.8,"28,206",63%
Bank Robbers: The Last Great Heist,7.1,949,100%
Beef Cattle,N/A,N/A,N/A
Before the Night,N/A,N/A,N/A
Behind Blue Skies,6.6,"3,738",N/A
Bhavesh Joshi Superhero,7.6,"9,177",42%
#AnneFrank - Parallel Stories,N/A,N/A,N/A
#Rucker50,5.2,123,N/A
10 Years with Bebe,N/A,N/A,N/A
100 Days with Tata,N/A,N/A,N/A
11M: Terror in Madrid,6.9,"1,940",N/A
13 Factors that Saved Apollo 13,7.3,176,N/A
137 Shots,6.4,952,N/A
1960,6.7,177,N/A
26 de abril - Play Again,N/A,N/A,N/A
27: Gone Too Soon,4.9,"1,201",N/A
3 Logical Exits,7.3,72,N/A
5 Seconds Of Summer: So Perfect,8.1,88,N/A
50 Liters Life,N/A,N/A,N/A
A 3 Minute Hug,6.5,243,N/A
A Blue Hole In The Sky,N/A,N/A,N/A
A Fine Line,7.0,54,N/A
A la diestra del Cielo,6.7,19,N/A
A la puta strasse. Not just a Barcelona,N/A,8,N/A
A Life of Speed: The Juan Manuel Fangio Story,7.0,"2,015",N/A
A Love Song for Latasha,6.8,"2,441",100%
A moment of Silence,5.0,18,N/A
A Place in the Cinema,N/A,N/A,N/A
A Secret Love,7.8,"4,491",100%
A Short History of the Moors,N/A,N/A,N/A
A Stone in Our Heart,N/A,10,N/A
A Tale of Two Kitchens,6.3,286,N/A
A Trip to Infinity,6.9,"1,303",N/A
A World Not Ours,7.8,403,100%
Acerbo Cup,N/A,20,N/A
Adult Under Construction,7.0,34,N/A
African Nostalgia,N/A,N/A,N/A
After Maria,4.9,411,N/A
After the Raid,4.6,124,N/A
Aldo Moro - The Statesman,N/A,N/A,N/A
Alganesh,N/A,26,N/A
Aliyah Dada,7.6,119,N/A
All In My Family,6.8,716,N/A
All My Loving,6.4,330,N/A
All This Mayhem,7.8,"3,463",100%
'76,4.9,"8,350",68%
'83,7.5,"37,125",N/A
#FriendButMarried,6.9,317,N/A
#FriendButMarried 2,6.9,317,N/A
100 Meters,7.5,"6,378",N/A
100 Millions Swimming,N/A,N/A,N/A
100% Halal,6.6,61,N/A
12 Gifts of Christmas,6.4,"4,227",N/A
18 Presents,6.9,"3,893",60%
18% Grey,5.7,197,N/A
1939,6.0,827,N/A
2 Weeks in Lagos,6.3,48,N/A
200 Meters,7.2,"1,390",93%
20th Century Girl,7.3,"1,183",100%
27 Steps of May,8.0,508,N/A
3000 Nights,7.0,747,N/A
365 Days,3.3,"89,708",0%
365 Days: This Day,2.6,"19,569",0%
37 Seconds,7.4,"2,802",88%
6 Balloons,5.9,"4,226",86%
6 Years,5.5,"12,701",69%
678,N/A,28,N/A
7 años,5.0,246,N/A
7:19,5.8,656,100%
A Beautiful Day in the Neighborhood,7.2,"80,234",N/A
A Beautiful Life,6.6,965,N/A
A Beautiful Sunset,N/A,N/A,N/A
A Call to Spy,6.6,"7,799",71%
A Civil Action,6.6,"29,540",62%
A Day Will Dawn,N/A,N/A,N/A
A Decent Man,6.5,546,N/A
A Drowning Man,6.6,219,N/A
A Family,5.4,207,N/A
A Faraway Land,5.1,140,N/A
A Fortunate Man,7.2,"6,374",86%
A Jazzman's Blues,6.7,"2,671",68%
A Little Chaos,6.5,"23,556",49%
A Love Story,7.3,"6,867",N/A
A Man There Was,N/A,N/A,N/A
A Place Called Home,6.4,344,N/A
A Second Chance,6.8,"6,393",52%
A Serious Game,6.4,"1,299",N/A
A song for you,5.4,39,N/A
A Star Shoots Across the Sky,N/A,N/A,N/A
A Way Back Home,5.8,306,N/A
A.K.A Nadia,6.2,111,N/A
About Love and Passion,N/A,N/A,N/A
Adam,7.2,"34,792",66%
African America,5.5,69,N/A
Aftermath,5.7,"25,047",41%
Agnes and His Brothers,6.6,"1,758",40%
Aika jonka sain,5.6,276,N/A
Alcatraz,6.9,"39,644",N/A
Alexandria: Again and Forever,6.5,691,100%
Ali & Alia,5.1,36,N/A
All Eyez on Me,5.8,"23,427",18%
All Quiet on the Western Front,8.1,"61,923",98%
All The Bright Places,6.5,"31,944",65%
All Together Now,6.5,"4,519",69%
Alone/Together,6.6,478,N/A
Along for the Ride,6.1,"6,497",57%
Alter Ego,4.1,"1,387",N/A
Amalia in the Fall,N/A,N/A,N/A
Amar,5.1,"4,638",N/A
Amateur,6.8,"6,423",79%
American Son,5.8,"7,121",46%
Amsterdam to Anatolia,N/A,63,N/A
An Egyptian Story,7.3,"1,151",100%
Anchor Baby,6.3,91,N/A
8 Remains,3.4,365,N/A
A Classic Horror Story,5.7,"18,239",55%
Bangistan,4.5,"1,310",33%
Cargo,6.3,"43,938",60%
Chamatkar,6.5,"6,335",N/A
Constantine,7.0,"346,116",46%
Corpse Bride,7.3,"272,278",84%
Cosmos Laundromat: First Cycle,N/A,N/A,N/A
Cycle,N/A,711,N/A
Day of Destiny,5.2,46,N/A
Der Bärenhäuter,6.3,64,N/A
Dynasty Warriors,4.7,"2,209",27%
Errementari: The Blacksmith and the Devil,N/A,N/A,N/A
Fistful of Vengeance,4.4,"6,633",42%
FullMetal Alchemist,8.5,"70,667",N/A
Fullmetal Alchemist The Final Alchemy,N/A,N/A,N/A
Fullmetal Alchemist The Revenge of Scar,5.3,"1,531",N/A
Hawaizaada,5.5,"1,984",0%
How to Be Really Bad,6.2,"1,204",N/A
I Kill Giants,6.1,"32,593",77%
"I, Frankenstein",5.1,"81,463",5%
I'm Endless Like the Space,N/A,N/A,N/A
Imagine That,5.6,"14,978",41%
Immortals,6.0,"168,928",49%
In Paradox,5.2,155,N/A
In the Name of the King: A Dungeon Siege Tale,3.8,"49,281",4%
Inkheart,6.1,"78,245",38%
Anaconda - Silent Killer,6.6,31,N/A
Anatomy,6.0,"13,514",58%
Anatomy 2,5.0,"3,788",29%
Autumn Gold,N/A,N/A,N/A
Axolotl Overkill,5.2,821,67%
Ballermann 6,5.0,"3,265",N/A
Bama and the Lost Gorillas,N/A,N/A,N/A
Baumbacher Syndrome,6.2,619,N/A
Before the Fall,7.4,"16,167",67%
Behind the Players,N/A,N/A,N/A
Berlin und Brandenburg von oben,N/A,N/A,N/A
"Berlin, Berlin: Lolle on the Run",N/A,N/A,N/A
Beyond Men and Masculinity,N/A,N/A,N/A
Big Bang in Tunguska,N/A,N/A,N/A
Big Girls Don't Cry,6.3,"1,950",N/A
Biking Borders,7.7,982,N/A
Black Island,5.2,"2,891",N/A
Blood Red Sky,6.1,"48,766",80%
Blud Bruvas,N/A,N/A,N/A
Bonnie & Bonnie,5.9,353,N/A
Borga,6.1,188,N/A
Brecht,6.2,353,N/A
British Rock,7.8,19,N/A
Buba,5.8,"1,929",N/A
Campus Galli: Das Mittelalterexperiment,N/A,N/A,N/A
Cheeky Girls 2,N/A,N/A,N/A
Cheetah Mom,N/A,N/A,N/A
Chodorkowskis neue Freiheit,N/A,N/A,N/A
Christmas Crossfire,4.8,"1,411",N/A
Cold Feet,8.2,"4,473",N/A
Colonia,7.0,"53,903",29%
Copilot,6.3,266,73%
Coral Reef,6.8,580,91%
Crocodiles – The Private Life of Primeaval Reptiles,N/A,N/A,N/A
Cuba’s Long Shadow of Remembrance,N/A,16,N/A
Da Geht Noch Was,6.2,"1,287",N/A
Dampfnudelblues,6.9,"2,397",N/A
Dark Side of Light,N/A,N/A,N/A
Das freiwillige Jahr,N/A,N/A,N/A
Das geheime Leben der Bäume,N/A,N/A,N/A
Das Kind,8.1,13,N/A
Das Leben danach,6.1,207,N/A
Day Zero - A City Without Water,N/A,N/A,N/A
Dear Future children,8.6,"3,847",N/A
Delphinsommer,7.0,282,N/A
Denk ich an Deutschland in der Nacht,6.6,11,N/A
Der Goldene Handschuh,N/A,N/A,N/A
Der König von Köln,7.1,189,N/A
Der letzte Lude,5.6,"1,388",N/A
Destination White House – Battles for the Presidency,N/A,N/A,N/A
Dialogue Earth,N/A,N/A,N/A
Die Porsche 911 Story,N/A,N/A,N/A
Dieses bescheuerte Herz,N/A,N/A,N/A
Dinosaurier – Gegen uns seht ihr alt aus!,N/A,N/A,N/A
Dolphins,7.2,515,89%
Dornröschen erwacht,6.2,170,N/A
Dream Factory,6.4,144,N/A
Dresden,6.6,"2,585",N/A
Earth,7.9,"14,556",86%
Ein Mord mit Aussicht,6.4,633,N/A
Elser,6.4,279,N/A
Elsewhere. Alone in Africa,N/A,N/A,N/A
Encounter in Space,6.2,8,N/A
Endless Horizon,5.0,5,N/A
Erich Kästner: Das andere Ich,6.8,23,N/A
Evolution,6.1,"129,681",43%
Expedition Happiness (German Version),N/A,N/A,N/A
Expedition Wallacea – The Cradle of Marine Life,N/A,N/A,N/A
Fack ju Göhte 2,N/A,N/A,N/A
Fack ju Göhte 3,N/A,N/A,N/A
Familiye,6.4,670,N/A
Flight of the Monarch Butterfly,6.2,12,N/A
#Alive,6.3,"39,415",N/A
10 Cloverfield Lane,7.2,"327,250",90%
122,6.0,"5,614",N/A
28 Days Haunted,N/A,N/A,N/A
A Drop of Blood,N/A,N/A,N/A
A Haunting at the Rectory,3.0,835,N/A
A Nightmare on Elm Street,7.4,"240,085",95%
A Series of Unfortunate Events,6.8,"209,677",72%
A Tale Dark & Grimm,7.3,"1,435",N/A
All of Us Are Dead,7.5,"48,384",N/A
American Psycho,7.6,"607,445",68%
Ammar,4.0,617,N/A
Andhaghaaram,7.6,"3,786",N/A
Andhakaaram,N/A,N/A,N/A
Animas,N/A,N/A,N/A
Anna and the Apocalypse,6.0,"13,356",77%
Annabelle,5.4,"160,096",28%
Annabelle: Creation,6.5,"135,082",70%
Annihilation,6.8,"324,756",88%
Apostle,6.3,"53,052",79%
Aranyak,7.8,"9,360",N/A
Archive 81,7.3,"49,091",N/A
Ares,5.7,"4,462",N/A
Ash vs. Evil Dead,8.1,17,N/A
Aurora,6.6,"1,963",77%
Bad Guys,7.8,"1,625",N/A
"Belascoarán, PI",N/A,N/A,N/A
Betaal,5.4,"9,139",N/A
Better Watch Out,6.5,"38,737",89%
Beyond Evil,8.1,"3,424",N/A
Bhool Bhulaiyaa 2,5.7,"30,186",71%
Bitter Daisies,N/A,N/A,N/A
Black Butterflies,6.1,"2,189",69%
Antebellum,5.7,"27,001",30%
Bloodbath At The House Of Death,5.0,"2,102",N/A
Blue Blood,4.7,"1,279",N/A
Bone Tomahawk,7.1,"102,371",91%
Boomika,5.5,"2,580",N/A
Boomika (Hindi),N/A,N/A,N/A
Boomika (Malayalam),N/A,N/A,N/A
Boomika (Telugu),N/A,N/A,N/A
Brightburn,6.1,"98,375",57%
Cadaver,5.2,"10,275",33%
Call TV,5.6,122,N/A
Cam,5.9,"32,271",93%
Case 39,6.2,"87,423",21%
Child's Play,6.6,"103,384",71%
Choose or Die,4.8,"20,306",30%
Clinical,5.1,"8,254",N/A
Cloverfield,7.0,"399,586",78%
Conjuring the Dead,N/A,N/A,N/A
Countdown,5.4,"38,645",27%
Cradle of Fear,4.3,"3,286",N/A
Creep,6.3,"56,059",90%
Ana by Day,5.4,469,N/A
ANIMA,7.6,"11,788",100%
Animal,4.6,"7,045",43%
Ankahi Kahaniya,5.5,901,55%
Anklaget,N/A,N/A,N/A
Apocalypse Please!,3.3,21,N/A
Arberia,6.8,96,N/A
Attention Please,8.3,"1,378",N/A
Austenland,6.3,"21,421",32%
Ave Maria,6.5,"1,219",N/A
4th Republic,6.1,49,N/A
45 rpm,7.2,522,N/A
Afrobeats: The Backstory,N/A,6,N/A
All For Love,7.0,199,N/A
An Evening With Matt Monro,8.8,5,N/A
An Irish Story: This Is My Home,7.5,54,N/A
Angel,7.9,"70,663",N/A
Angèle,7.0,553,N/A
Anitta: Made In Honório,6.9,417,N/A
ARASHI's Diary -Voyage-,8.0,45,N/A
"ariana grande: excuse me, i love you",6.3,"2,662",57%
Asinamali,7.0,10,N/A
Autumn Girl,5.5,625,N/A
Ayinla,8.3,33,N/A
Barbra: The Music ... The Mem'ries ... The Magic!,7.5,471,N/A
"Basically, Johnny Moped",7.4,124,N/A
Beats,6.4,"5,362",98%
Been So Long,5.5,"1,119",92%
Belgian Rhapsody,N/A,N/A,N/A
Ben Platt Live from Radio City Music Hall,8.3,511,N/A
Bibi & Tina: Girls Versus Boys,N/A,N/A,N/A
Bibi & Tina: Tohuwabohu Total,N/A,N/A,N/A
Bigflo & Oli: Hip Hop Frenzy,6.9,128,N/A
Biggie: I Got a Story to Tell,6.8,"5,146",78%
Blackjack,4.8,"4,212",N/A
BLACKPINK: Light Up the Sky,7.3,"6,667",88%
A Very Special Love,6.5,397,N/A
A World Without,3.9,372,N/A
Aerials,1.5,400,N/A
ARQ,6.3,"39,544",43%
Awake,6.5,"76,128",23%
Back to Q82,N/A,109,N/A
Bigbug,N/A,N/A,N/A
Blasted,4.8,"2,001",N/A
Captain Nova,5.5,"1,574",N/A
Circle,6.0,"57,185",57%
Deep,4.2,"1,569",33%
Deep Blue Sea,5.9,"134,662",60%
District 9,7.9,"680,515",90%
Eggnoid: Love & Time Portal,6.2,89,N/A
Extinction,5.8,"53,347",32%
Freaks,7.8,"46,673",95%
Freaks – You're One of Us,5.4,"6,161",0%
Heroes of the Empire,8.5,26,N/A
Holiday on Mars,N/A,N/A,N/A
How I Became a Superhero,N/A,N/A,N/A
How It Ends,5.0,"53,555",17%
I Am Mother,6.7,"91,381",91%
iBOY,5.9,"23,225",69%
Illang: The Wolf Brigade,5.9,"5,234",20%
In the Shadow of the Moon,6.2,"53,291",95%
In Vitro,6.9,102,N/A
IO,4.7,"34,542",33%
Iron Sky,5.9,"94,335",41%
Iron Sky: The Coming Race,5.0,"10,630",29%
Jupiter Ascending,5.3,"188,897",28%
Kenny Begins,5.8,"1,889",N/A
Krótka histeria czasu,4.5,70,N/A
Life,6.6,"230,972",67%
Lucid Dream,6.1,"3,753",N/A
Lucy,6.4,"493,634",66%
Mad Dogs,7.5,"8,538",N/A
Mirage,7.4,"56,084",N/A
Mother/Android,4.9,"18,659",32%
Mute,5.4,"35,663",21%
Audible,6.7,"2,405",100%
Awon Boyz,N/A,6,N/A
Aya,7.2,905,N/A
Besieged Bread,N/A,42,N/A
Birders,6.4,288,N/A
Bonboné,7.2,297,N/A
Camp Confidential: America's Secret Nazis,6.6,884,100%
Children of Shatila,8.1,85,N/A
Condom Lead,7.5,77,N/A
Cops and Robbers,6.3,806,N/A
End Game,5.1,"5,455",N/A
Exploring The Snow - The Final Volume,N/A,N/A,N/A
Extremis,7.3,"2,434",N/A
F**k the Past,N/A,N/A,N/A
Facing Mecca,7.4,166,N/A
Fanatyk,6.6,849,N/A
Fishing for Bluefin Tuna,N/A,N/A,N/A
Five Elements of Adventure,N/A,N/A,N/A
Forgive Us Our Trespasses,6.4,"1,571",N/A
Francesco,6.3,"1,551",N/A
"Frankenstein’s Monster’s Monster, Frankenstein",5.8,"2,228",88%
Ghosts of Sugar Land,5.5,"1,394",100%
Hangout,5.9,736,N/A
Heart Shot,4.8,703,N/A
Heroin(e),6.8,"2,861",100%
Hizia,N/A,24,N/A
Hogwood: A Modern Horror Story,8.3,10,N/A
Hold Your Breath: The Ice Dive,6.5,622,N/A
If Anything Happens I Love You,7.8,"16,644",100%
Isoken,6.5,332,N/A
La Montagne des Cristalliers,N/A,N/A,N/A
Ladies First,7.1,503,N/A
Lead Me Home,6.3,"3,667",100%
Lessons from a School Shooting: Notes from Dunblane,N/A,N/A,N/A
Life Overtakes Me,6.5,"1,956",100%
Like Twenty Impossibles,7.2,118,N/A
Little Matters: Insects,N/A,N/A,N/A
Little Miss Sumo,6.6,514,N/A
Long Shot,6.8,"111,590",81%
Longboarding LA to NY,N/A,13,N/A
"Lorena, Light-Footed Woman",7.0,809,N/A
Ma Rainey's Black Bottom: A Legacy Brought to Screen,N/A,N/A,N/A
Making The Billion Dollar Code,N/A,N/A,N/A
Making The Witcher,6.8,463,N/A
Maradona's Legs,7.9,369,N/A
Marked,3.3,133,N/A
"My Friend Janne ""Loffe"" Carlsson",N/A,N/A,N/A
My Heroes Were Cowboys,6.6,286,N/A
Nausicaa,7.2,127,N/A
New Saudi Voices,N/A,N/A,N/A
Ocean Therapy,N/A,N/A,N/A
On The Path,8.6,7,N/A
On the Trails of Glaciers: Mission to Caucasus,N/A,N/A,N/A
On the Trails of Glaciers: Mission to Alaska,N/A,N/A,N/A
One Day of Football: Against All Odds,N/A,N/A,N/A
One Like It,N/A,N/A,N/A
"Out of Many, One",5.8,259,N/A
Pearl Islands,N/A,N/A,N/A
Period. End of Sentence.,7.4,"6,094",75%
Poacher,6.6,83,N/A
"Ram Dass, Going Home",7.0,"1,042",N/A
Resurface,6.9,456,N/A
Revamp,6.7,7,N/A
Rooting for Roona,7.1,430,N/A
Sedna,N/A,N/A,N/A
Shaka Inkosi YamaKhosi,N/A,8,N/A
Sisterhood,6.6,482,N/A
Sitara: Let Girls Dream,7.2,671,N/A
Six Windows in the Desert,4.3,"3,142",N/A
Something Between,N/A,8,N/A
Sun of the Soil,N/A,27,N/A
T'es pas bien là?,N/A,N/A,N/A
Takuya,8.3,6,N/A
The Boys in the Band: Something Personal,7.2,372,N/A
The Claudia Kishi Club,6.9,141,N/A
The Crossing,7.1,"9,788",N/A
The Dreamlife of Georgie Stone,N/A,176,N/A
All She Wrote,5.3,683,N/A
All the Freckles in the World,5.2,"1,317",N/A
Anelka: Misunderstood,6.4,"3,244",N/A
Antoine Griezmann: The Making of a Legend,6.5,"1,192",N/A
Aux pieds de la gloire,5.8,17,N/A
Azzurri - Road to Wembley,N/A,849,N/A
Baggio: The Divine Ponytail,6.1,"4,539",60%
Bayonet,5.6,573,80%
Bear Island,5.8,"2,456",N/A
Behind the Tide,N/A,N/A,N/A
Beyond: An African Surf Documentary,7.7,56,N/A
Bikes vs Cars,7.1,713,60%
Blades of Glory,6.3,"169,644",70%
Blood Brothers: Malcolm X & Muhammad Ali,6.9,"1,005",94%
Bloomfield,3.8,104,N/A
Brilliant corners - Barbados,N/A,N/A,N/A
Brilliant Corners - Hainan,N/A,N/A,N/A
Brilliant Corners - Haiti,N/A,N/A,N/A
Brilliant Corners - Jamaica,N/A,N/A,N/A
Brilliant Corners - Liberia,N/A,N/A,N/A
Brilliant Corners: Ghana,N/A,N/A,N/A
Brilliant Corners: Oman,N/A,N/A,N/A
Brilliant Corners: Sierra Leone,N/A,N/A,N/A
Bruised,6.2,"14,721",49%
Caught by a Wave,5.8,"1,331",N/A
Chasing the Line,6.5,239,N/A
Chlorine,5.2,478,8%
Counterpunch,6.7,925,N/A
Death of a Gentleman,7.2,584,67%
Dejame Vivir,8.1,145,N/A
Drop It!,N/A,N/A,N/A
El límite infinito,8.6,20,N/A
Encordades,N/A,N/A,N/A
Epic Waves,N/A,N/A,N/A
Escape The Undertaker,4.2,958,N/A
Exploring The Snow - The Journey,N/A,N/A,N/A
Fan of Amoory,5.0,42,N/A
Farewells,N/A,N/A,N/A
Fast & Feel Love,6.9,861,N/A
Fighting with My Family,7.1,"81,595",93%
First Match,6.4,"2,318",85%
Flying Pigs,5.7,883,N/A
Full Out,6.3,"2,819",N/A
Full Out 2: You Got This!,4.6,538,N/A
Generation Iron 3,6.2,"3,204",N/A
Gipsy Queen,6.6,713,N/A
Girls With Balls,3.9,"3,347",42%
Going for Gold,4.8,579,N/A
Good Game: The Beginning,4.5,"2,025",N/A
Goon: Last of the Enforcers,5.8,"13,872",41%
Guillermo Vilas: Settling the Score,N/A,N/A,N/A
Guys and Balls,6.6,"1,889",36%
Hanging by a Thread,5.9,83,N/A
Hector,6.9,"2,002",N/A
Hell of '63,N/A,N/A,N/A
Hellegat,6.3,116,N/A
Here Comes the Boom,6.4,"91,822",42%
High Flying Bird,6.2,"8,712",91%
Hitting the Apex,8.2,"3,882",N/A
Holy Goalie,5.3,"1,690",N/A
Home Games,7.4,37,N/A
Home Team,6.0,"18,607",19%
Amit Tandon: Family Tandoncies,7.2,262,N/A
Amy Schumer Growing,5.4,"3,966",79%
Amy Schumer Presents: Parental Advisory,N/A,N/A,N/A
Amy Schumer: The Leather Special,3.2,"10,028",50%
Anjelah Johnson: Not Fancy,5.7,712,N/A
Anthony Jeselnik: Fire in the Maternity Ward,7.2,"3,698",80%
Anthony Jeselnik: Thoughts and Prayers,7.7,"5,375",100%
Ari Eldjárn: Pardon My Icelandic,7.8,"1,610",N/A
Ari Shaffir: Double Negative,6.8,735,N/A
Arsenio Hall: Smart & Classy,N/A,N/A,N/A
ATZE - Revolution,N/A,N/A,N/A
Atze Schröder - Schmerzfrei,N/A,N/A,N/A
Atze Schröder - Turbo,N/A,N/A,N/A
Atze Schröder Live - Richtig Fremdgehen,N/A,N/A,N/A
Aziz Ansari Live at Madison Square Garden,N/A,N/A,N/A
Aziz Ansari: Buried Alive,7.2,"4,027",100%
Aziz Ansari: Nightclub Comedian,7.0,"2,320",80%
Aziz Ansari: RIGHT NOW,7.5,"5,218",84%
Bert Kreischer: Hey Big Boy,7.0,"2,011",N/A
Bert Kreischer: Secret Time,7.3,"2,388",N/A
Best of Stand-Up 2020,5.5,655,N/A
Bill Burr Presents: Friends Who Kill,4.6,"2,278",N/A
Bill Burr: I'm Sorry You Feel That Way,8.2,"8,338",100%
Bill Burr: Live at Red Rocks,7.6,"4,989",67%
Bill Burr: Paper Tiger,8.1,"11,442",86%
Bill Burr: Walk Your Way Out,7.2,"7,536",N/A
Bo Burnham: Inside,N/A,N/A,N/A
Bo Burnham: Make Happy,8.3,"15,271",100%
Bo Burnham: The Inside Outtakes,N/A,N/A,N/A
Bo Burnham: what.,8.3,"12,073",N/A
Bodo Wartke - Noah war ein Archetyp – Live im Schmidts Tivoli in Hamburg,N/A,N/A,N/A
Brad Paisley's Comedy Rodeo,5.7,158,N/A
Brian Regan: Nunchucks and Flamethrowers,6.3,685,N/A
Brian Regan: On the Rocks,6.9,637,N/A
Bruna Louise: Demolition,4.7,79,N/A
Bülent Ceylan - Halb getürkt,N/A,N/A,N/A
Bülent Ceylan – Döner Chat Shit,N/A,N/A,N/A
A Place in the Stars,6.2,20,N/A
A Sort of Family,6.3,723,N/A
Aapla Manus,7.0,981,N/A
Andreaskorset,N/A,N/A,N/A
Apan,N/A,N/A,N/A
Av: The Hunt,5.4,549,100%
Berlin Syndrome,6.2,"25,511",76%
Blind Revenge,5.4,904,13%
Blood Money,4.5,"2,348",50%
"Blue, Painful, Fragile",N/A,N/A,N/A
Bordertown: Mural Murders,N/A,N/A,N/A
Brazen,4.1,"12,217",14%
Bundy and the Green River Killer,3.4,"1,130",N/A
Calibre,6.8,"29,720",95%
CBI 5: The Brain,N/A,N/A,N/A
Class of '83,5.8,"5,682",17%
Code Name: Emperor,N/A,N/A,N/A
Collision,5.9,"3,245",N/A
Containment,7.1,"10,951",N/A
Corridor,6.8,140,N/A
Dangerous Lies,5.3,"17,296",24%
Darlings,6.6,"16,771",75%
Dead Kids,5.4,592,17%
Deadly Illusions,3.7,"12,237",N/A
Deus Ex Machina,7.8,24,N/A
Dhamaka,7.1,"40,808",36%
Dongalunnaru Jagratha,N/A,N/A,N/A
Drishyam,8.2,"81,654",80%
Driven Wild,N/A,N/A,N/A
Earth and Blood,5.2,"2,646",0%
East of Sweden,N/A,N/A,N/A
Easy Skanking,5.7,"1,175",N/A
Ek Villain Returns,4.6,"13,818",N/A
El Camino: A Breaking Bad Movie,7.3,"247,578",92%
End of the Road,4.7,"6,383",33%
Enough,5.7,"43,994",22%
Eye For An Eye,6.1,"16,866",N/A
Eyes Shut,7.2,9,N/A
False As Water,6.1,657,N/A
Fatal Affair,4.6,"6,120",18%
Ferry,7.0,"11,093",N/A
Fever Dream,5.4,"2,025",67%
